State,County,Population
Alabama,Autauga,55395
Alabama,Baldwin,200111
Alabama,Barbour,26887
Alabama,Bibb,22506
Alabama,Blount,57719
Alabama,Bullock,10764
Alabama,Butler,20296
Alabama,Calhoun,115916
Alabama,Chambers,34076
Alabama,Cherokee,26037
Alabama,Chilton,43931
Alabama,Choctaw,13323
Alabama,Clarke,24945
Alabama,Clay,13552
Alabama,Cleburne,15080
Alabama,Coffee,50909
Alabama,Colbert,54543
Alabama,Conecuh,12670
Alabama,Coosa,10886
Alabama,Covington,37914
Alabama,Crenshaw,13977
Alabama,Cullman,81289
Alabama,Dale,49484
Alabama,Dallas,41711
Alabama,DeKalb,71065
Alabama,Elmore,80977
Alabama,Escambia,37733
Alabama,Etowah,103531
Alabama,Fayette,16874
Alabama,Franklin,31601
Alabama,Geneva,26712
Alabama,Greene,8553
Alabama,Hale,15184
Alabama,Henry,17190
Alabama,Houston,104193
Alabama,Jackson,52665
Alabama,Jefferson,660793
Alabama,Lamar,14086
Alabama,Lauderdale,93096
Alabama,Lawrence,33477
Alabama,Lee,154255
Alabama,Limestone,90787
Alabama,Lowndes,10580
Alabama,Macon,19425
Alabama,Madison,350299
Alabama,Marengo,20110
Alabama,Marion,30271
Alabama,Marshall,94636
Alabama,Mobile,415123
Alabama,Monroe,21947
Alabama,Montgomery,226189
Alabama,Morgan,119607
Alabama,Perry,9826
Alabama,Pickens,20365
Alabama,Pike,33389
Alabama,Randolph,22539
Alabama,Russell,59608
Alabama,St. Clair,86697
Alabama,Shelby,206655
Alabama,Sumter,13166
Alabama,Talladega,81322
Alabama,Tallapoosa,41165
Alabama,Tuscaloosa,202212
Alabama,Walker,65471
Alabama,Washington,16834
Alabama,Wilcox,11098
Alabama,Winston,24150
Alaska,Aleutians East,3360
Alaska,Aleutians West,5750
Alaska,Anchorage,301010
Alaska,Bethel,17868
Alaska,Bristol Bay,957
Alaska,Denali,1921
Alaska,Dillingham,4988
Alaska,Fairbanks North Star,99357
Alaska,Haines,2566
Alaska,Juneau,32406
Alaska,Kenai Peninsula,57477
Alaska,Ketchikan Gateway,13787
Alaska,Kodiak Island,13986
Alaska,Lake and Peninsula,1631
Alaska,Matanuska-Susitna,97882
Alaska,Nome,9817
Alaska,North Slope,9703
Alaska,Northwest Arctic,7717
Alaska,Prince of Wales-Outer Ketchikan,6396
Alaska,Sitka,8900
Alaska,Skagway-Hoonah-Angoon,3118
Alaska,Southeast Fairbanks,6931
Alaska,Valdez-Cordova,9488
Alaska,Wade Hampton,8010
Alaska,Wrangell-Petersburg,5524
Alaska,Yakutat,635
Alaska,Yukon-Koyukuk,5547
Arizona,Apache,71828
Arizona,Cochise,127448
Arizona,Coconino,137682
Arizona,Gila,53119
Arizona,Graham,37957
Arizona,Greenlee,9346
Arizona,La Paz,20231
Arizona,Maricopa,4087191
Arizona,Mohave,203361
Arizona,Navajo,108101
Arizona,Pima,1004516
Arizona,Pinal,401918
Arizona,Santa Cruz,46695
Arizona,Yavapai,218844
Arizona,Yuma,203247
Arkansas,Arkansas,18594
Arkansas,Ashley,20948
Arkansas,Baxter,40857
Arkansas,Benton,242321
Arkansas,Boone,37196
Arkansas,Bradley,11148
Arkansas,Calhoun,5202
Arkansas,Carroll,27744
Arkansas,Chicot,11180
Arkansas,Clark,22576
Arkansas,Clay,15118
Arkansas,Cleburne,25634
Arkansas,Cleveland,8449
Arkansas,Columbia,23933
Arkansas,Conway,21083
Arkansas,Craighead,102518
Arkansas,Crawford,61697
Arkansas,Crittenden,49548
Arkansas,Cross,17227
Arkansas,Dallas,7755
Arkansas,Desha,12264
Arkansas,Drew,18622
Arkansas,Faulkner,120768
Arkansas,Franklin,17805
Arkansas,Fulton,12125
Arkansas,Garland,97322
Arkansas,Grant,18144
Arkansas,Greene,43694
Arkansas,Hempstead,22327
Arkansas,Hot Spring,33368
Arkansas,Howard,13500
Arkansas,Independence,36959
Arkansas,Izard,13486
Arkansas,Jackson,17534
Arkansas,Jefferson,72297
Arkansas,Johnson,26005
Arkansas,Lafayette,7111
Arkansas,Lawrence,16931
Arkansas,Lee,9860
Arkansas,Lincoln,13970
Arkansas,Little River,12532
Arkansas,Logan,21958
Arkansas,Lonoke,71557
Arkansas,Madison,15740
Arkansas,Marion,16367
Arkansas,Miller,43428
Arkansas,Mississippi,44235
Arkansas,Monroe,7582
Arkansas,Montgomery,9082
Arkansas,Nevada,8723
Arkansas,Newton,7904
Arkansas,Ouachita,24828
Arkansas,Perry,10245
Arkansas,Phillips,19930
Arkansas,Pike,11024
Arkansas,Poinsett,24246
Arkansas,Polk,20225
Arkansas,Pope,63201
Arkansas,Prairie,8304
Arkansas,Pulaski,392702
Arkansas,Randolph,17571
Arkansas,St. Francis,26899
Arkansas,Saline,115719
Arkansas,Scott,10693
Arkansas,Searcy,7929
Arkansas,Sebastian,126776
Arkansas,Sevier,17426
Arkansas,Sharp,16906
Arkansas,Stone,12494
Arkansas,Union,40227
Arkansas,Van Buren,16851
Arkansas,Washington,220792
Arkansas,White,78592
Arkansas,Woodruff,6910
Arkansas,Yell,21951
California,Alameda,1610921
California,Alpine,1116
California,Amador,36742
California,Butte,224241
California,Calaveras,44624
California,Colusa,21419
California,Contra Costa,1111339
California,Del Norte,27212
California,El Dorado,183087
California,Fresno,965974
California,Glenn,27955
California,Humboldt,134809
California,Imperial,179091
California,Inyo,18410
California,Kern,874589
California,Kings,150269
California,Lake,64184
California,Lassen,31749
California,Los Angeles,10116705
California,Madera,154548
California,Marin,260750
California,Mariposa,17682
California,Mendocino,87869
California,Merced,266353
California,Modoc,9023
California,Mono,13997
California,Monterey,431344
California,Napa,141667
California,Nevada,98893
California,Orange,3145515
California,Placer,371694
California,Plumas,18606
California,Riverside,2329271
California,Sacramento,1482026
California,San Benito,58267
California,San Bernardino,2112619
California,San Diego,3263431
California,San Francisco,852469
California,San Joaquin,715597
California,San Luis Obispo,279083
California,San Mateo,758581
California,Santa Barbara,440668
California,Santa Clara,1894605
California,Santa Cruz,271804
California,Shasta,179804
California,Sierra,3003
California,Siskiyou,43628
California,Solano,431131
California,Sonoma,500292
California,Stanislaus,531997
California,Sutter,95847
California,Tehama,63067
California,Trinity,13170
California,Tulare,458198
California,Tuolumne,53831
California,Ventura,846178
California,Yolo,207590
California,Yuba,73966
Colorado,Adams,480718
Colorado,Alamosa,16177
Colorado,Arapahoe,618821
Colorado,Archuleta,12244
Colorado,Baca,3645
Colorado,Bent,5630
Colorado,Boulder,313333
Colorado,Broomfield,62138
Colorado,Chaffee,18363
Colorado,Cheyenne,1871
Colorado,Clear Creek,9187
Colorado,Conejos,8265
Colorado,Costilla,3568
Colorado,Crowley,5360
Colorado,Custer,4361
Colorado,Delta,29870
Colorado,Denver,663862
Colorado,Dolores,1978
Colorado,Douglas,314638
Colorado,Eagle,52921
Colorado,Elbert,24195
Colorado,El Paso,663519
Colorado,Fremont,46502
Colorado,Garfield,57461
Colorado,Gilpin,5851
Colorado,Grand,14546
Colorado,Gunnison,15725
Colorado,Hinsdale,786
Colorado,Huerfano,6462
Colorado,Jackson,1396
Colorado,Jefferson,558503
Colorado,Kiowa,1402
Colorado,Kit Carson,8072
Colorado,Lake,7357
Colorado,La Plata,53989
Colorado,Larimer,324122
Colorado,Las Animas,14052
Colorado,Lincoln,5510
Colorado,Logan,22524
Colorado,Mesa,148255
Colorado,Mineral,698
Colorado,Moffat,12928
Colorado,Montezuma,25772
Colorado,Montrose,40873
Colorado,Morgan,28328
Colorado,Otero,18488
Colorado,Ouray,4629
Colorado,Park,16345
Colorado,Phillips,4363
Colorado,Pitkin,17626
Colorado,Prowers,12034
Colorado,Pueblo,161875
Colorado,Rio Blanco,6707
Colorado,Rio Grande,11607
Colorado,Routt,23865
Colorado,Saguache,6196
Colorado,San Juan,720
Colorado,San Miguel,7840
Colorado,Sedgwick,2348
Colorado,Summit,29404
Colorado,Teller,23389
Colorado,Washington,4780
Colorado,Weld,277670
Colorado,Yuma,10202
Connecticut,Fairfield,945438
Connecticut,Hartford,897985
Connecticut,Litchfield,184993
Connecticut,Middlesex,164943
Connecticut,New Haven,861277
Connecticut,New London,273676
Connecticut,Tolland,151367
Connecticut,Windham,116998
Delaware,Kent,171987
Delaware,New Castle,552778
Delaware,Sussex,210849
District of Columbia,District of Columbia,658893
Florida,Alachua,256380
Florida,Baker,27093
Florida,Bay,178985
Florida,Bradford,26702
Florida,Brevard,556885
Florida,Broward,1869235
Florida,Calhoun,14532
Florida,Charlotte,168474
Florida,Citrus,139377
Florida,Clay,199798
Florida,Collier,348777
Florida,Columbia,67857
Florida,DeSoto,35012
Florida,Dixie,15907
Florida,Duval,897698
Florida,Escambia,310659
Florida,Flagler,102408
Florida,Franklin,11815
Florida,Gadsden,46281
Florida,Gilchrist,16997
Florida,Glades,13635
Florida,Gulf,15944
Florida,Hamilton,14048
Florida,Hardee,27469
Florida,Hendry,38505
Florida,Hernando,175855
Florida,Highlands,98236
Florida,Hillsborough,1316298
Florida,Holmes,19650
Florida,Indian River,144755
Florida,Jackson,48801
Florida,Jefferson,14050
Florida,Lafayette,8835
Florida,Lake,315690
Florida,Lee,679513
Florida,Leon,283988
Florida,Levy,39613
Florida,Liberty,8360
Florida,Madison,18518
Florida,Manatee,351746
Florida,Marion,339167
Florida,Martin,153392
Florida,Miami-Dade,2662874
Florida,Monroe,77136
Florida,Nassau,76619
Florida,Okaloosa,196512
Florida,Okeechobee,39149
Florida,Orange,1253001
Florida,Osceola,310211
Florida,Palm Beach,1397710
Florida,Pasco,485331
Florida,Pinellas,938098
Florida,Polk,634638
Florida,Putnam,72143
Florida,St. Johns,217919
Florida,St. Lucie,291028
Florida,Santa Rosa,163422
Florida,Sarasota,396962
Florida,Seminole,442516
Florida,Sumter,114350
Florida,Suwannee,44022
Florida,Taylor,22582
Florida,Union,15190
Florida,Volusia,507531
Florida,Wakulla,31432
Florida,Walton,61530
Florida,Washington,24451
Georgia,Appling,18540
Georgia,Atkinson,8223
Georgia,Bacon,11281
Georgia,Baker,3255
Georgia,Baldwin,45909
Georgia,Banks,18295
Georgia,Barrow,73240
Georgia,Bartow,101736
Georgia,Ben Hill,17464
Georgia,Berrien,18700
Georgia,Bibb,153905
Georgia,Bleckley,12795
Georgia,Brantley,18417
Georgia,Brooks,15418
Georgia,Bryan,33906
Georgia,Bulloch,72087
Georgia,Burke,22709
Georgia,Butts,23368
Georgia,Calhoun,6463
Georgia,Camden,52027
Georgia,Candler,10888
Georgia,Carroll,114093
Georgia,Catoosa,65621
Georgia,Charlton,12897
Georgia,Chatham,283379
Georgia,Chattahoochee,11837
Georgia,Chattooga,24939
Georgia,Cherokee,230985
Georgia,Clarke,120938
Georgia,Clay,3102
Georgia,Clayton,267542
Georgia,Clinch,6831
Georgia,Cobb,730981
Georgia,Coffee,42811
Georgia,Colquitt,46102
Georgia,Columbia,139257
Georgia,Cook,17214
Georgia,Coweta,135571
Georgia,Crawford,12387
Georgia,Crisp,22934
Georgia,Dade,16389
Georgia,Dawson,22957
Georgia,Decatur,27220
Georgia,DeKalb,722161
Georgia,Dodge,20976
Georgia,Dooly,14188
Georgia,Dougherty,92407
Georgia,Douglas,138776
Georgia,Early,10491
Georgia,Echols,4003
Georgia,Effingham,55423
Georgia,Elbert,19438
Georgia,Emanuel,22755
Georgia,Evans,10898
Georgia,Fannin,23753
Georgia,Fayette,109664
Georgia,Floyd,96063
Georgia,Forsyth,204302
Georgia,Franklin,22264
Georgia,Fulton,996319
Georgia,Gilmer,28829
Georgia,Glascock,3053
Georgia,Glynn,82175
Georgia,Gordon,56047
Georgia,Grady,25359
Georgia,Greene,16490
Georgia,Gwinnett,877922
Georgia,Habersham,43752
Georgia,Hall,190761
Georgia,Hancock,8509
Georgia,Haralson,28641
Georgia,Harris,32876
Georgia,Hart,25377
Georgia,Heard,11603
Georgia,Henry,213869
Georgia,Houston,149111
Georgia,Irwin,9104
Georgia,Jackson,61870
Georgia,Jasper,13432
Georgia,Jeff Davis,14859
Georgia,Jefferson,16272
Georgia,Jenkins,9125
Georgia,Johnson,9701
Georgia,Jones,28787
Georgia,Lamar,18207
Georgia,Lanier,10373
Georgia,Laurens,47851
Georgia,Lee,29191
Georgia,Liberty,65198
Georgia,Lincoln,7622
Georgia,Long,17113
Georgia,Lowndes,113523
Georgia,Lumpkin,31176
Georgia,McDuffie,21370
Georgia,McIntosh,14214
Georgia,Macon,13792
Georgia,Madison,28312
Georgia,Marion,8797
Georgia,Meriwether,21198
Georgia,Miller,5958
Georgia,Mitchell,22771
Georgia,Monroe,27051
Georgia,Montgomery,8991
Georgia,Morgan,17956
Georgia,Murray,39410
Georgia,Muscogee,200887
Georgia,Newton,103675
Georgia,Oconee,35093
Georgia,Oglethorpe,14673
Georgia,Paulding,148987
Georgia,Peach,26922
Georgia,Pickens,29997
Georgia,Pierce,18991
Georgia,Pike,17784
Georgia,Polk,41133
Georgia,Pulaski,11483
Georgia,Putnam,21192
Georgia,Quitman,2315
Georgia,Rabun,16243
Georgia,Randolph,7313
Georgia,Richmond,201368
Georgia,Rockdale,87754
Georgia,Schley,5163
Georgia,Screven,14085
Georgia,Seminole,8686
Georgia,Spalding,63988
Georgia,Stephens,25480
Georgia,Stewart,5744
Georgia,Sumter,31232
Georgia,Talbot,6390
Georgia,Taliaferro,1693
Georgia,Tattnall,25224
Georgia,Taylor,8442
Georgia,Telfair,16518
Georgia,Terrell,9132
Georgia,Thomas,44959
Georgia,Tift,40704
Georgia,Toombs,27282
Georgia,Towns,11098
Georgia,Treutlen,6778
Georgia,Troup,69469
Georgia,Turner,8153
Georgia,Twiggs,8320
Georgia,Union,21984
Georgia,Upson,26256
Georgia,Walker,68218
Georgia,Walton,87615
Georgia,Ware,35515
Georgia,Warren,5520
Georgia,Washington,20635
Georgia,Wayne,29949
Georgia,Webster,2649
Georgia,Wheeler,7995
Georgia,White,27970
Georgia,Whitfield,103542
Georgia,Wilcox,8847
Georgia,Wilkes,9940
Georgia,Wilkinson,9326
Georgia,Worth,20940
Hawaii,Hawaii,194190
Hawaii,Honolulu,991788
Hawaii,Kalawao,89
Hawaii,Kauai,70475
Hawaii,Maui,163019
Idaho,Ada,426236
Idaho,Adams,3861
Idaho,Bannock,83347
Idaho,Bear Lake,5957
Idaho,Benewah,9118
Idaho,Bingham,45269
Idaho,Blaine,21482
Idaho,Boise,6824
Idaho,Bonner,41585
Idaho,Bonneville,108623
Idaho,Boundary,10979
Idaho,Butte,2622
Idaho,Camas,1039
Idaho,Canyon,203143
Idaho,Caribou,6837
Idaho,Cassia,23540
Idaho,Clark,867
Idaho,Clearwater,8562
Idaho,Custer,4140
Idaho,Elmore,26094
Idaho,Franklin,13021
Idaho,Fremont,12867
Idaho,Gem,16866
Idaho,Gooding,15064
Idaho,Idaho,16215
Idaho,Jefferson,27021
Idaho,Jerome,22818
Idaho,Kootenai,147326
Idaho,Latah,38411
Idaho,Lemhi,7726
Idaho,Lewis,3838
Idaho,Lincoln,5316
Idaho,Madison,38038
Idaho,Minidoka,20323
Idaho,Nez Perce,40007
Idaho,Oneida,4184
Idaho,Owyhee,11353
Idaho,Payette,22836
Idaho,Power,7617
Idaho,Shoshone,12390
Idaho,Teton,10341
Idaho,Twin Falls,80914
Idaho,Valley,9826
Idaho,Washington,10021
Illinois,Adams,66988
Illinois,Alexander,7492
Illinois,Bond,17269
Illinois,Boone,53869
Illinois,Brown,6832
Illinois,Bureau,33840
Illinois,Calhoun,4956
Illinois,Carroll,14715
Illinois,Cass,13156
Illinois,Champaign,207133
Illinois,Christian,33892
Illinois,Clark,16180
Illinois,Clay,13520
Illinois,Clinton,37857
Illinois,Coles,53320
Illinois,Cook,5246456
Illinois,Crawford,19393
Illinois,Cumberland,10833
Illinois,DeKalb,105462
Illinois,De Witt,16284
Illinois,Douglas,19889
Illinois,DuPage,932708
Illinois,Edgar,17841
Illinois,Edwards,6617
Illinois,Effingham,34320
Illinois,Fayette,21870
Illinois,Ford,13688
Illinois,Franklin,39411
Illinois,Fulton,36007
Illinois,Gallatin,5291
Illinois,Greene,13434
Illinois,Grundy,50425
Illinois,Hamilton,8296
Illinois,Hancock,18564
Illinois,Hardin,4129
Illinois,Henderson,6916
Illinois,Henry,49635
Illinois,Iroquois,28879
Illinois,Jackson,59677
Illinois,Jasper,9623
Illinois,Jefferson,38534
Illinois,Jersey,22571
Illinois,Jo Daviess,22254
Illinois,Johnson,12601
Illinois,Kane,527306
Illinois,Kankakee,111375
Illinois,Kendall,121350
Illinois,Knox,52069
Illinois,Lake,705186
Illinois,LaSalle,111241
Illinois,Lawrence,16519
Illinois,Lee,34735
Illinois,Livingston,37903
Illinois,Logan,29746
Illinois,McDonough,31880
Illinois,McHenry,307283
Illinois,McLean,174061
Illinois,Macon,108350
Illinois,Macoupin,46453
Illinois,Madison,266560
Illinois,Marion,38571
Illinois,Marshall,12014
Illinois,Mason,13898
Illinois,Massac,14905
Illinois,Menard,12570
Illinois,Mercer,15945
Illinois,Monroe,33722
Illinois,Montgomery,29359
Illinois,Morgan,34929
Illinois,Moultrie,14837
Illinois,Ogle,52085
Illinois,Peoria,187319
Illinois,Perry,21672
Illinois,Piatt,16431
Illinois,Pike,16022
Illinois,Pope,4276
Illinois,Pulaski,5815
Illinois,Putnam,5814
Illinois,Randolph,32869
Illinois,Richland,16061
Illinois,Rock Island,146063
Illinois,St. Clair,265729
Illinois,Saline,24612
Illinois,Sangamon,198997
Illinois,Schuyler,7330
Illinois,Scott,5204
Illinois,Shelby,22048
Illinois,Stark,5813
Illinois,Stephenson,46435
Illinois,Tazewell,135707
Illinois,Union,17447
Illinois,Vermilion,79728
Illinois,Wabash,11549
Illinois,Warren,17874
Illinois,Washington,14337
Illinois,Wayne,16543
Illinois,White,14374
Illinois,Whiteside,56876
Illinois,Will,685419
Illinois,Williamson,67008
Illinois,Winnebago,288542
Illinois,Woodford,39187
Indiana,Adams,34791
Indiana,Allen,365918
Indiana,Bartholomew,80217
Indiana,Benton,8700
Indiana,Blackford,12401
Indiana,Boone,61915
Indiana,Brown,14962
Indiana,Carroll,19923
Indiana,Cass,38438
Indiana,Clark,114262
Indiana,Clay,26562
Indiana,Clinton,32776
Indiana,Crawford,10655
Indiana,Daviess,32729
Indiana,Dearborn,49506
Indiana,Decatur,26524
Indiana,DeKalb,42383
Indiana,Delaware,117074
Indiana,Dubois,42345
Indiana,Elkhart,201971
Indiana,Fayette,23468
Indiana,Floyd,76179
Indiana,Fountain,16658
Indiana,Franklin,22934
Indiana,Fulton,20500
Indiana,Gibson,33759
Indiana,Grant,68569
Indiana,Greene,32726
Indiana,Hamilton,302623
Indiana,Hancock,71978
Indiana,Harrison,39299
Indiana,Hendricks,156056
Indiana,Henry,48995
Indiana,Howard,82982
Indiana,Huntington,36706
Indiana,Jackson,43705
Indiana,Jasper,33475
Indiana,Jay,21179
Indiana,Jefferson,32494
Indiana,Jennings,28000
Indiana,Johnson,147538
Indiana,Knox,37938
Indiana,Kosciusko,78564
Indiana,LaGrange,38436
Indiana,Lake,490228
Indiana,LaPorte,111444
Indiana,Lawrence,45704
Indiana,Madison,130069
Indiana,Marion,934243
Indiana,Marshall,47107
Indiana,Martin,10203
Indiana,Miami,35954
Indiana,Monroe,143339
Indiana,Montgomery,38146
Indiana,Morgan,69693
Indiana,Newton,14156
Indiana,Noble,47618
Indiana,Ohio,6035
Indiana,Orange,19626
Indiana,Owen,20969
Indiana,Parke,17233
Indiana,Perry,19454
Indiana,Pike,12624
Indiana,Porter,167076
Indiana,Posey,25540
Indiana,Pulaski,12967
Indiana,Putnam,37618
Indiana,Randolph,25384
Indiana,Ripley,28497
Indiana,Rush,16892
Indiana,St. Joseph,267618
Indiana,Scott,23712
Indiana,Shelby,44579
Indiana,Spencer,20801
Indiana,Starke,23074
Indiana,Steuben,34308
Indiana,Sullivan,21050
Indiana,Switzerland,10452
Indiana,Tippecanoe,183074
Indiana,Tipton,15415
Indiana,Union,7246
Indiana,Vanderburgh,182006
Indiana,Vermillion,15693
Indiana,Vigo,108175
Indiana,Wabash,32252
Indiana,Warren,8352
Indiana,Warrick,61149
Indiana,Washington,27878
Indiana,Wayne,67671
Indiana,Wells,27862
Indiana,White,24453
Indiana,Whitley,33403
Iowa,Adair,7454
Iowa,Adams,3875
Iowa,Allamakee,14038
Iowa,Appanoose,12661
Iowa,Audubon,5794
Iowa,Benton,25680
Iowa,Black Hawk,132897
Iowa,Boone,26433
Iowa,Bremer,24721
Iowa,Buchanan,21038
Iowa,Buena Vista,20578
Iowa,Butler,15006
Iowa,Calhoun,9866
Iowa,Carroll,20562
Iowa,Cass,13448
Iowa,Cedar,18411
Iowa,Cerro Gordo,43254
Iowa,Cherokee,11836
Iowa,Chickasaw,12264
Iowa,Clarke,9217
Iowa,Clay,16515
Iowa,Clayton,17692
Iowa,Clinton,48051
Iowa,Crawford,17228
Iowa,Dallas,77400
Iowa,Davis,8781
Iowa,Decatur,8263
Iowa,Delaware,17398
Iowa,Des Moines,40255
Iowa,Dickinson,16935
Iowa,Dubuque,96370
Iowa,Emmet,9990
Iowa,Fayette,20343
Iowa,Floyd,16077
Iowa,Franklin,10436
Iowa,Fremont,7022
Iowa,Greene,9200
Iowa,Grundy,12375
Iowa,Guthrie,10722
Iowa,Hamilton,15117
Iowa,Hancock,11027
Iowa,Hardin,17311
Iowa,Harrison,14324
Iowa,Henry,20217
Iowa,Howard,9449
Iowa,Humboldt,9640
Iowa,Ida,7042
Iowa,Iowa,16375
Iowa,Jackson,19482
Iowa,Jasper,36872
Iowa,Jefferson,17325
Iowa,Johnson,142287
Iowa,Jones,20454
Iowa,Keokuk,10231
Iowa,Kossuth,15222
Iowa,Lee,35286
Iowa,Linn,217751
Iowa,Louisa,11161
Iowa,Lucas,8701
Iowa,Lyon,11683
Iowa,Madison,15609
Iowa,Mahaska,22370
Iowa,Marion,33365
Iowa,Marshall,40866
Iowa,Mills,14831
Iowa,Mitchell,10779
Iowa,Monona,8996
Iowa,Monroe,8001
Iowa,Montgomery,10421
Iowa,Muscatine,42903
Iowa,O'Brien,14056
Iowa,Osceola,6218
Iowa,Page,15496
Iowa,Palo Alto,9099
Iowa,Plymouth,24874
Iowa,Pocahontas,7138
Iowa,Polk,459862
Iowa,Pottawattamie,93128
Iowa,Poweshiek,18668
Iowa,Ringgold,5051
Iowa,Sac,10035
Iowa,Scott,171387
Iowa,Shelby,11948
Iowa,Sioux,34681
Iowa,Story,94073
Iowa,Tama,17451
Iowa,Taylor,6143
Iowa,Union,12516
Iowa,Van Buren,7468
Iowa,Wapello,35212
Iowa,Warren,47956
Iowa,Washington,22070
Iowa,Wayne,6395
Iowa,Webster,36955
Iowa,Winnebago,10559
Iowa,Winneshiek,20768
Iowa,Woodbury,102271
Iowa,Worth,7624
Iowa,Wright,12840
Kansas,Allen,12909
Kansas,Anderson,7883
Kansas,Atchison,16513
Kansas,Barber,4897
Kansas,Barton,27385
Kansas,Bourbon,14772
Kansas,Brown,9815
Kansas,Butler,66227
Kansas,Chase,2692
Kansas,Chautauqua,3481
Kansas,Cherokee,20787
Kansas,Cheyenne,2693
Kansas,Clark,2144
Kansas,Clay,8317
Kansas,Cloud,9385
Kansas,Coffey,8433
Kansas,Comanche,1954
Kansas,Cowley,35963
Kansas,Crawford,39290
Kansas,Decatur,2908
Kansas,Dickinson,19394
Kansas,Doniphan,7874
Kansas,Douglas,116585
Kansas,Edwards,3030
Kansas,Elk,2694
Kansas,Ellis,29013
Kansas,Ellsworth,6392
Kansas,Finney,37184
Kansas,Ford,34795
Kansas,Franklin,25611
Kansas,Geary,36713
Kansas,Gove,2727
Kansas,Graham,2566
Kansas,Grant,7816
Kansas,Gray,6082
Kansas,Greeley,1301
Kansas,Greenwood,6328
Kansas,Hamilton,2603
Kansas,Harper,5818
Kansas,Harvey,34820
Kansas,Haskell,4106
Kansas,Hodgeman,1916
Kansas,Jackson,13539
Kansas,Jefferson,18855
Kansas,Jewell,3043
Kansas,Johnson,574272
Kansas,Kearny,3915
Kansas,Kingman,7698
Kansas,Kiowa,2513
Kansas,Labette,20960
Kansas,Lane,1687
Kansas,Leavenworth,78797
Kansas,Lincoln,3167
Kansas,Linn,9502
Kansas,Logan,2794
Kansas,Lyon,33212
Kansas,McPherson,29241
Kansas,Marion,12208
Kansas,Marshall,10006
Kansas,Meade,4357
Kansas,Miami,32822
Kansas,Mitchell,6284
Kansas,Montgomery,34065
Kansas,Morris,5698
Kansas,Morton,3110
Kansas,Nemaha,10148
Kansas,Neosho,16416
Kansas,Ness,3105
Kansas,Norton,5560
Kansas,Osage,15936
Kansas,Osborne,3756
Kansas,Ottawa,6065
Kansas,Pawnee,6916
Kansas,Phillips,5533
Kansas,Pottawatomie,22897
Kansas,Pratt,9850
Kansas,Rawlins,2584
Kansas,Reno,63794
Kansas,Republic,4803
Kansas,Rice,10015
Kansas,Riley,75194
Kansas,Rooks,5155
Kansas,Rush,3197
Kansas,Russell,6956
Kansas,Saline,55755
Kansas,Scott,5080
Kansas,Sedgwick,508803
Kansas,Seward,23465
Kansas,Shawnee,178406
Kansas,Sheridan,2539
Kansas,Sherman,6110
Kansas,Smith,3769
Kansas,Stafford,4297
Kansas,Stanton,2111
Kansas,Stevens,5801
Kansas,Sumner,23528
Kansas,Thomas,7891
Kansas,Trego,2902
Kansas,Wabaunsee,7022
Kansas,Wallace,1506
Kansas,Washington,5598
Kansas,Wichita,2176
Kansas,Wilson,9028
Kansas,Woodson,3157
Kansas,Wyandotte,161636
Kentucky,Adair,19204
Kentucky,Allen,20384
Kentucky,Anderson,21888
Kentucky,Ballard,8240
Kentucky,Barren,43148
Kentucky,Bath,12206
Kentucky,Bell,27778
Kentucky,Boone,126413
Kentucky,Bourbon,19972
Kentucky,Boyd,48832
Kentucky,Boyle,29706
Kentucky,Bracken,8406
Kentucky,Breathitt,13409
Kentucky,Breckinridge,19888
Kentucky,Bullitt,77955
Kentucky,Butler,12875
Kentucky,Caldwell,12725
Kentucky,Calloway,38282
Kentucky,Campbell,91833
Kentucky,Carlisle,4978
Kentucky,Carroll,10815
Kentucky,Carter,27223
Kentucky,Casey,15891
Kentucky,Christian,74250
Kentucky,Clark,35758
Kentucky,Clay,21147
Kentucky,Clinton,10165
Kentucky,Crittenden,9224
Kentucky,Cumberland,6745
Kentucky,Daviess,98275
Kentucky,Edmonson,12013
Kentucky,Elliott,7672
Kentucky,Estill,14447
Kentucky,Fayette,310797
Kentucky,Fleming,14545
Kentucky,Floyd,38108
Kentucky,Franklin,49880
Kentucky,Fulton,6265
Kentucky,Gallatin,8589
Kentucky,Garrard,16858
Kentucky,Grant,24875
Kentucky,Graves,37618
Kentucky,Grayson,26194
Kentucky,Green,11043
Kentucky,Greenup,36308
Kentucky,Hancock,8753
Kentucky,Hardin,108266
Kentucky,Harlan,28163
Kentucky,Harrison,18592
Kentucky,Hart,18597
Kentucky,Henderson,46467
Kentucky,Henry,15572
Kentucky,Hickman,4734
Kentucky,Hopkins,46376
Kentucky,Jackson,13289
Kentucky,Jefferson,760026
Kentucky,Jessamine,50815
Kentucky,Johnson,23262
Kentucky,Kenton,163929
Kentucky,Knott,15892
Kentucky,Knox,31798
Kentucky,Larue,14180
Kentucky,Laurel,60015
Kentucky,Lawrence,15804
Kentucky,Lee,7594
Kentucky,Leslie,10918
Kentucky,Letcher,23359
Kentucky,Lewis,13880
Kentucky,Lincoln,24445
Kentucky,Livingston,9359
Kentucky,Logan,26867
Kentucky,Lyon,8430
Kentucky,McCracken,65316
Kentucky,McCreary,17863
Kentucky,McLean,9478
Kentucky,Madison,87340
Kentucky,Magoffin,12913
Kentucky,Marion,20007
Kentucky,Marshall,30953
Kentucky,Martin,12537
Kentucky,Mason,17166
Kentucky,Meade,29139
Kentucky,Menifee,6287
Kentucky,Mercer,21319
Kentucky,Metcalfe,9990
Kentucky,Monroe,10704
Kentucky,Montgomery,27474
Kentucky,Morgan,13303
Kentucky,Muhlenberg,31207
Kentucky,Nelson,44812
Kentucky,Nicholas,7041
Kentucky,Ohio,23977
Kentucky,Oldham,63490
Kentucky,Owen,10645
Kentucky,Owsley,4508
Kentucky,Pendleton,14493
Kentucky,Perry,27597
Kentucky,Pike,63034
Kentucky,Powell,12434
Kentucky,Pulaski,63825
Kentucky,Robertson,2197
Kentucky,Rockcastle,16826
Kentucky,Rowan,23655
Kentucky,Russell,17774
Kentucky,Scott,51284
Kentucky,Shelby,44875
Kentucky,Simpson,17826
Kentucky,Spencer,17668
Kentucky,Taylor,25257
Kentucky,Todd,12520
Kentucky,Trigg,14142
Kentucky,Trimble,8786
Kentucky,Union,15165
Kentucky,Warren,120460
Kentucky,Washington,11959
Kentucky,Wayne,20486
Kentucky,Webster,13236
Kentucky,Whitley,35503
Kentucky,Wolfe,7214
Kentucky,Woodford,25563
Louisiana,Acadia,62486
Louisiana,Allen,25713
Louisiana,Ascension,117029
Louisiana,Assumption,23034
Louisiana,Avoyelles,41145
Louisiana,Beauregard,36198
Louisiana,Bienville,13885
Louisiana,Bossier,125064
Louisiana,Caddo,252603
Louisiana,Calcasieu,197204
Louisiana,Caldwell,9894
Louisiana,Cameron,6679
Louisiana,Catahoula,10151
Louisiana,Claiborne,16412
Louisiana,Concordia,20466
Louisiana,De Soto,27142
Louisiana,East Baton Rouge,446042
Louisiana,East Carroll,7487
Louisiana,East Feliciana,19813
Louisiana,Evangeline,33700
Louisiana,Franklin,20441
Louisiana,Grant,22384
Louisiana,Iberia,73913
Louisiana,Iberville,33327
Louisiana,Jackson,15994
Louisiana,Jefferson,435716
Louisiana,Jefferson Davis,31477
Louisiana,Lafayette,235644
Louisiana,Lafourche,98020
Louisiana,La Salle,14839
Louisiana,Lincoln,47617
Louisiana,Livingston,135751
Louisiana,Madison,11843
Louisiana,Morehouse,26760
Louisiana,Natchitoches,39166
Louisiana,Orleans,384320
Louisiana,Ouachita,156325
Louisiana,Plaquemines,23447
Louisiana,Pointe Coupee,22406
Louisiana,Rapides,132488
Louisiana,Red River,8669
Louisiana,Richland,20740
Louisiana,Sabine,24199
Louisiana,St. Bernard,44409
Louisiana,St. Charles,52745
Louisiana,St. Helena,10619
Louisiana,St. James,21638
Louisiana,St. John the Baptist,43745
Louisiana,St. Landry,83709
Louisiana,St. Martin,53315
Louisiana,St. Mary,53162
Louisiana,St. Tammany,245829
Louisiana,Tangipahoa,127049
Louisiana,Tensas,4830
Louisiana,Terrebonne,113328
Louisiana,Union,22539
Louisiana,Vermilion,59616
Louisiana,Vernon,52132
Louisiana,Washington,46286
Louisiana,Webster,40333
Louisiana,West Baton Rouge,25085
Louisiana,West Carroll,11525
Louisiana,West Feliciana,15406
Louisiana,Winn,14743
Maine,Androscoggin,107440
Maine,Aroostook,69447
Maine,Cumberland,287797
Maine,Franklin,30296
Maine,Hancock,54696
Maine,Kennebec,121112
Maine,Knox,39676
Maine,Lincoln,34170
Maine,Oxford,57238
Maine,Penobscot,153414
Maine,Piscataquis,17026
Maine,Sagadahoc,35045
Maine,Somerset,51163
Maine,Waldo,39051
Maine,Washington,31808
Maine,York,200710
Maryland,Allegany,72952
Maryland,Anne Arundel,560133
Maryland,Baltimore,826925
Maryland,Calvert,90613
Maryland,Caroline,32538
Maryland,Carroll,167830
Maryland,Cecil,102383
Maryland,Charles,154747
Maryland,Dorchester,32578
Maryland,Frederick,243675
Maryland,Garrett,29679
Maryland,Harford,250105
Maryland,Howard,309284
Maryland,Kent,19820
Maryland,Montgomery,1030447
Maryland,Prince George's,904430
Maryland,Queen Anne's,48804
Maryland,St. Mary's,110382
Maryland,Somerset,25859
Maryland,Talbot,37643
Maryland,Washington,149573
Maryland,Wicomico,101539
Maryland,Worcester,51675
Maryland,Baltimore City,622793
Massachusetts,Barnstable,214914
Massachusetts,Berkshire,128715
Massachusetts,Bristol,554194
Massachusetts,Dukes,17356
Massachusetts,Essex,769091
Massachusetts,Franklin,70862
Massachusetts,Hampden,468161
Massachusetts,Hampshire,160939
Massachusetts,Middlesex,1570315
Massachusetts,Nantucket,10856
Massachusetts,Norfolk,692254
Massachusetts,Plymouth,507022
Massachusetts,Suffolk,767254
Massachusetts,Worcester,813475
Michigan,Alcona,10454
Michigan,Alger,9459
Michigan,Allegan,113847
Michigan,Alpena,28988
Michigan,Antrim,23267
Michigan,Arenac,15353
Michigan,Baraga,8654
Michigan,Barry,59281
Michigan,Bay,106179
Michigan,Benzie,17519
Michigan,Berrien,155233
Michigan,Branch,43545
Michigan,Calhoun,134878
Michigan,Cass,51608
Michigan,Charlevoix,26121
Michigan,Cheboygan,25675
Michigan,Chippewa,38321
Michigan,Clare,30652
Michigan,Clinton,77297
Michigan,Crawford,13745
Michigan,Delta,36559
Michigan,Dickinson,25957
Michigan,Eaton,108579
Michigan,Emmet,33204
Michigan,Genesee,412895
Michigan,Gladwin,25411
Michigan,Gogebic,15737
Michigan,Grand Traverse,90782
Michigan,Gratiot,41665
Michigan,Hillsdale,45830
Michigan,Houghton,36495
Michigan,Huron,32065
Michigan,Ingham,284582
Michigan,Ionia,64294
Michigan,Iosco,25420
Michigan,Iron,11387
Michigan,Isabella,70616
Michigan,Jackson,159741
Michigan,Kalamazoo,258818
Michigan,Kalkaska,17394
Michigan,Kent,629237
Michigan,Keweenaw,2217
Michigan,Lake,11341
Michigan,Lapeer,88153
Michigan,Leelanau,21915
Michigan,Lenawee,99047
Michigan,Livingston,185596
Michigan,Luce,6426
Michigan,Mackinac,11042
Michigan,Macomb,860112
Michigan,Manistee,24420
Michigan,Marquette,67676
Michigan,Mason,28824
Michigan,Mecosta,43186
Michigan,Menominee,23714
Michigan,Midland,83427
Michigan,Missaukee,15037
Michigan,Monroe,149824
Michigan,Montcalm,62893
Michigan,Montmorency,9300
Michigan,Muskegon,172344
Michigan,Newaygo,47900
Michigan,Oakland,1237868
Michigan,Oceana,26221
Michigan,Ogemaw,21039
Michigan,Ontonagon,6172
Michigan,Osceola,23169
Michigan,Oscoda,8371
Michigan,Otsego,24158
Michigan,Ottawa,276292
Michigan,Presque Isle,13004
Michigan,Roscommon,23955
Michigan,Saginaw,195012
Michigan,St. Clair,160078
Michigan,St. Joseph,60946
Michigan,Sanilac,41587
Michigan,Schoolcraft,8171
Michigan,Shiawassee,68933
Michigan,Tuscola,54000
Michigan,Van Buren,75199
Michigan,Washtenaw,356874
Michigan,Wayne,1764804
Michigan,Wexford,32886
Minnesota,Aitkin,15771
Minnesota,Anoka,341864
Minnesota,Becker,33259
Minnesota,Beltrami,45664
Minnesota,Benton,39506
Minnesota,Big Stone,5127
Minnesota,Blue Earth,65385
Minnesota,Brown,25292
Minnesota,Carlton,35571
Minnesota,Carver,97338
Minnesota,Cass,28559
Minnesota,Chippewa,12110
Minnesota,Chisago,54025
Minnesota,Clay,61286
Minnesota,Clearwater,8791
Minnesota,Cook,5233
Minnesota,Cottonwood,11633
Minnesota,Crow Wing,63265
Minnesota,Dakota,412529
Minnesota,Dodge,20353
Minnesota,Douglas,36790
Minnesota,Faribault,14192
Minnesota,Fillmore,20776
Minnesota,Freeborn,30840
Minnesota,Goodhue,46423
Minnesota,Grant,5956
Minnesota,Hennepin,1212064
Minnesota,Houston,18738
Minnesota,Hubbard,20573
Minnesota,Isanti,38413
Minnesota,Itasca,45589
Minnesota,Jackson,10269
Minnesota,Kanabec,15930
Minnesota,Kandiyohi,42285
Minnesota,Kittson,4435
Minnesota,Koochiching,12856
Minnesota,Lac qui Parle,6891
Minnesota,Lake,10680
Minnesota,Lake of the Woods,3918
Minnesota,Le Sueur,27770
Minnesota,Lincoln,5788
Minnesota,Lyon,25665
Minnesota,McLeod,35882
Minnesota,Mahnomen,5505
Minnesota,Marshall,9417
Minnesota,Martin,20220
Minnesota,Meeker,23107
Minnesota,Mille Lacs,25884
Minnesota,Morrison,32810
Minnesota,Mower,39323
Minnesota,Murray,8470
Minnesota,Nicollet,33093
Minnesota,Nobles,21590
Minnesota,Norman,6639
Minnesota,Olmsted,150287
Minnesota,Otter Tail,57635
Minnesota,Pennington,14058
Minnesota,Pine,29095
Minnesota,Pipestone,9281
Minnesota,Polk,31704
Minnesota,Pope,10984
Minnesota,Ramsey,532655
Minnesota,Red Lake,4043
Minnesota,Redwood,15515
Minnesota,Renville,15025
Minnesota,Rice,65151
Minnesota,Rock,9553
Minnesota,Roseau,15679
Minnesota,St. Louis,200949
Minnesota,Scott,139672
Minnesota,Sherburne,91126
Minnesota,Sibley,14918
Minnesota,Stearns,152912
Minnesota,Steele,36573
Minnesota,Stevens,9800
Minnesota,Swift,9436
Minnesota,Todd,24264
Minnesota,Traverse,3387
Minnesota,Wabasha,21362
Minnesota,Wadena,13757
Minnesota,Waseca,19025
Minnesota,Washington,249283
Minnesota,Watonwan,11083
Minnesota,Wilkin,6495
Minnesota,Winona,51097
Minnesota,Wright,129918
Minnesota,Yellow Medicine,10109
Mississippi,Adams,31737
Mississippi,Alcorn,37380
Mississippi,Amite,12629
Mississippi,Attala,19163
Mississippi,Benton,8296
Mississippi,Bolivar,33768
Mississippi,Calhoun,14745
Mississippi,Carroll,10254
Mississippi,Chickasaw,17313
Mississippi,Choctaw,8294
Mississippi,Claiborne,9080
Mississippi,Clarke,16299
Mississippi,Clay,20225
Mississippi,Coahoma,24807
Mississippi,Copiah,28797
Mississippi,Covington,19442
Mississippi,DeSoto,170913
Mississippi,Forrest,76330
Mississippi,Franklin,7833
Mississippi,George,23303
Mississippi,Greene,14326
Mississippi,Grenada,21666
Mississippi,Hancock,45949
Mississippi,Harrison,199058
Mississippi,Hinds,243729
Mississippi,Holmes,18459
Mississippi,Humphreys,8741
Mississippi,Issaquena,1397
Mississippi,Itawamba,23527
Mississippi,Jackson,141137
Mississippi,Jasper,16601
Mississippi,Jefferson,7599
Mississippi,Jefferson Davis,11822
Mississippi,Jones,68290
Mississippi,Kemper,10163
Mississippi,Lafayette,52930
Mississippi,Lamar,60099
Mississippi,Lauderdale,79739
Mississippi,Lawrence,12502
Mississippi,Leake,23193
Mississippi,Lee,85246
Mississippi,Leflore,31422
Mississippi,Lincoln,34775
Mississippi,Lowndes,59730
Mississippi,Madison,101688
Mississippi,Marion,25868
Mississippi,Marshall,36234
Mississippi,Monroe,36003
Mississippi,Montgomery,10400
Mississippi,Neshoba,29465
Mississippi,Newton,21832
Mississippi,Noxubee,11115
Mississippi,Oktibbeha,49414
Mississippi,Panola,34444
Mississippi,Pearl River,55224
Mississippi,Perry,12227
Mississippi,Pike,40058
Mississippi,Pontotoc,30950
Mississippi,Prentiss,25428
Mississippi,Quitman,7678
Mississippi,Rankin,148070
Mississippi,Scott,28461
Mississippi,Sharkey,4647
Mississippi,Simpson,27463
Mississippi,Smith,16188
Mississippi,Stone,17875
Mississippi,Sunflower,27496
Mississippi,Tallahatchie,14761
Mississippi,Tate,28204
Mississippi,Tippah,22039
Mississippi,Tishomingo,19420
Mississippi,Tunica,10598
Mississippi,Union,28097
Mississippi,Walthall,14859
Mississippi,Warren,47983
Mississippi,Washington,48958
Mississippi,Wayne,20490
Mississippi,Webster,9972
Mississippi,Wilkinson,9191
Mississippi,Winston,18478
Mississippi,Yalobusha,12276
Mississippi,Yazoo,27817
Missouri,Adair,25602
Missouri,Andrew,17379
Missouri,Atchison,5382
Missouri,Audrain,25887
Missouri,Barry,35662
Missouri,Barton,12057
Missouri,Bates,16584
Missouri,Benton,18806
Missouri,Bollinger,12394
Missouri,Boone,172717
Missouri,Buchanan,89486
Missouri,Butler,42972
Missouri,Caldwell,9034
Missouri,Callaway,44750
Missouri,Camden,44021
Missouri,Cape Girardeau,78043
Missouri,Carroll,9043
Missouri,Carter,6258
Missouri,Cass,100889
Missouri,Cedar,13952
Missouri,Chariton,7694
Missouri,Christian,82101
Missouri,Clark,6917
Missouri,Clay,233682
Missouri,Clinton,20299
Missouri,Cole,76557
Missouri,Cooper,17585
Missouri,Crawford,24650
Missouri,Dade,7628
Missouri,Dallas,16389
Missouri,Daviess,8297
Missouri,DeKalb,12692
Missouri,Dent,15655
Missouri,Douglas,13546
Missouri,Dunklin,31344
Missouri,Franklin,102084
Missouri,Gasconade,14866
Missouri,Gentry,6826
Missouri,Greene,285865
Missouri,Grundy,10197
Missouri,Harrison,8639
Missouri,Henry,22028
Missouri,Hickory,9219
Missouri,Holt,4516
Missouri,Howard,10159
Missouri,Howell,40173
Missouri,Iron,10267
Missouri,Jackson,683191
Missouri,Jasper,117543
Missouri,Jefferson,222716
Missouri,Johnson,54362
Missouri,Knox,4000
Missouri,Laclede,35439
Missouri,Lafayette,32688
Missouri,Lawrence,38023
Missouri,Lewis,10138
Missouri,Lincoln,54249
Missouri,Linn,12311
Missouri,Livingston,15053
Missouri,McDonald,22800
Missouri,Macon,15479
Missouri,Madison,12368
Missouri,Maries,9013
Missouri,Marion,28920
Missouri,Mercer,3719
Missouri,Miller,25141
Missouri,Mississippi,14232
Missouri,Moniteau,15856
Missouri,Monroe,8707
Missouri,Montgomery,11841
Missouri,Morgan,20240
Missouri,New Madrid,18272
Missouri,Newton,58598
Missouri,Nodaway,23081
Missouri,Oregon,10911
Missouri,Osage,13703
Missouri,Ozark,9492
Missouri,Pemiscot,17650
Missouri,Perry,19202
Missouri,Pettis,42225
Missouri,Phelps,44847
Missouri,Pike,18541
Missouri,Platte,94788
Missouri,Polk,31054
Missouri,Pulaski,53436
Missouri,Putnam,4829
Missouri,Ralls,10255
Missouri,Randolph,25072
Missouri,Ray,22949
Missouri,Reynolds,6565
Missouri,Ripley,13969
Missouri,St. Charles,379493
Missouri,St. Clair,9457
Missouri,Ste. Genevieve,17914
Missouri,St. Francois,65960
Missouri,St. Louis,1001876
Missouri,Saline,23347
Missouri,Schuyler,4370
Missouri,Scotland,4863
Missouri,Scott,38903
Missouri,Shannon,8329
Missouri,Shelby,6108
Missouri,Stoddard,29867
Missouri,Stone,31104
Missouri,Sullivan,6411
Missouri,Taney,54230
Missouri,Texas,25642
Missouri,Vernon,21001
Missouri,Warren,33253
Missouri,Washington,25077
Missouri,Wayne,13452
Missouri,Webster,36888
Missouri,Worth,2073
Missouri,Wright,18291
Missouri,St. Louis City,317419
Montana,Beaverhead,9345
Montana,Big Horn,13282
Montana,Blaine,6619
Montana,Broadwater,5667
Montana,Carbon,10399
Montana,Carter,1169
Montana,Cascade,82344
Montana,Chouteau,5894
Montana,Custer,12092
Montana,Daniels,1793
Montana,Dawson,9518
Montana,Deer Lodge,9150
Montana,Fallon,3108
Montana,Fergus,11442
Montana,Flathead,94924
Montana,Gallatin,97308
Montana,Garfield,1309
Montana,Glacier,13696
Montana,Golden Valley,852
Montana,Granite,3209
Montana,Hill,16596
Montana,Jefferson,11558
Montana,Judith Basin,1991
Montana,Lake,29099
Montana,Lewis and Clark,65856
Montana,Liberty,2359
Montana,Lincoln,19125
Montana,McCone,1694
Montana,Madison,7820
Montana,Meagher,1853
Montana,Mineral,4257
Montana,Missoula,112684
Montana,Musselshell,4589
Montana,Park,15880
Montana,Petroleum,485
Montana,Phillips,4192
Montana,Pondera,6219
Montana,Powder River,1783
Montana,Powell,6909
Montana,Prairie,1148
Montana,Ravalli,41030
Montana,Richland,11576
Montana,Roosevelt,11332
Montana,Rosebud,9326
Montana,Sanders,11364
Montana,Sheridan,3696
Montana,Silver Bow,34680
Montana,Stillwater,9290
Montana,Sweet Grass,3665
Montana,Teton,6064
Montana,Toole,5150
Montana,Treasure,692
Montana,Valley,7640
Montana,Wheatland,2102
Montana,Wibaux,1121
Montana,Yellowstone,155634
Nebraska,Adams,31457
Nebraska,Antelope,6398
Nebraska,Arthur,453
Nebraska,Banner,764
Nebraska,Blaine,504
Nebraska,Boone,5353
Nebraska,Box Butte,11340
Nebraska,Boyd,2033
Nebraska,Brown,2941
Nebraska,Buffalo,48224
Nebraska,Burt,6573
Nebraska,Butler,8249
Nebraska,Cass,25524
Nebraska,Cedar,8610
Nebraska,Chase,3978
Nebraska,Cherry,5762
Nebraska,Cheyenne,10148
Nebraska,Clay,6315
Nebraska,Colfax,10504
Nebraska,Cuming,9027
Nebraska,Custer,10728
Nebraska,Dakota,20850
Nebraska,Dawes,9042
Nebraska,Dawson,24096
Nebraska,Deuel,1940
Nebraska,Dixon,5782
Nebraska,Dodge,36744
Nebraska,Douglas,543244
Nebraska,Dundy,1886
Nebraska,Fillmore,5661
Nebraska,Franklin,3076
Nebraska,Frontier,2705
Nebraska,Furnas,4888
Nebraska,Gage,21663
Nebraska,Garden,1911
Nebraska,Garfield,2003
Nebraska,Gosper,1970
Nebraska,Grant,619
Nebraska,Greeley,2482
Nebraska,Hall,61492
Nebraska,Hamilton,9135
Nebraska,Harlan,3492
Nebraska,Hayes,933
Nebraska,Hitchcock,2901
Nebraska,Holt,10403
Nebraska,Hooker,728
Nebraska,Howard,6362
Nebraska,Jefferson,7335
Nebraska,Johnson,5185
Nebraska,Kearney,6644
Nebraska,Keith,8121
Nebraska,Keya Paha,810
Nebraska,Kimball,3713
Nebraska,Knox,8482
Nebraska,Lancaster,301795
Nebraska,Lincoln,35815
Nebraska,Logan,750
Nebraska,Loup,588
Nebraska,McPherson,498
Nebraska,Madison,35174
Nebraska,Merrick,7766
Nebraska,Morrill,4862
Nebraska,Nance,3570
Nebraska,Nemaha,7175
Nebraska,Nuckolls,4369
Nebraska,Otoe,15797
Nebraska,Pawnee,2702
Nebraska,Perkins,2891
Nebraska,Phelps,9187
Nebraska,Pierce,7202
Nebraska,Platte,32666
Nebraska,Polk,5271
Nebraska,Red Willow,10867
Nebraska,Richardson,8128
Nebraska,Rock,1443
Nebraska,Saline,14252
Nebraska,Sarpy,172193
Nebraska,Saunders,20919
Nebraska,Scotts Bluff,36465
Nebraska,Seward,17150
Nebraska,Sheridan,5259
Nebraska,Sherman,3074
Nebraska,Sioux,1303
Nebraska,Stanton,6069
Nebraska,Thayer,5230
Nebraska,Thomas,687
Nebraska,Thurston,6969
Nebraska,Valley,4204
Nebraska,Washington,20258
Nebraska,Wayne,9431
Nebraska,Webster,3658
Nebraska,Wheeler,766
Nebraska,York,13917
Nevada,Churchill,23989
Nevada,Clark,2069681
Nevada,Douglas,47536
Nevada,Elko,52766
Nevada,Esmeralda,822
Nevada,Eureka,2018
Nevada,Humboldt,17279
Nevada,Lander,6009
Nevada,Lincoln,5184
Nevada,Lyon,51789
Nevada,Mineral,4500
Nevada,Nye,42282
Nevada,Pershing,6698
Nevada,Storey,3912
Nevada,Washoe,440078
Nevada,White Pine,10034
Nevada,Carson City,54522
New Hampshire,Belknap,60305
New Hampshire,Carroll,47399
New Hampshire,Cheshire,76115
New Hampshire,Coos,31653
New Hampshire,Grafton,89658
New Hampshire,Hillsborough,405184
New Hampshire,Merrimack,147171
New Hampshire,Rockingham,300621
New Hampshire,Strafford,125604
New Hampshire,Sullivan,43103
New Jersey,Atlantic,275209
New Jersey,Bergen,933572
New Jersey,Burlington,449722
New Jersey,Camden,511038
New Jersey,Cape May,95344
New Jersey,Cumberland,157389
New Jersey,Essex,795723
New Jersey,Gloucester,290951
New Jersey,Hudson,669115
New Jersey,Hunterdon,126067
New Jersey,Mercer,371537
New Jersey,Middlesex,836297
New Jersey,Monmouth,629279
New Jersey,Morris,499727
New Jersey,Ocean,586301
New Jersey,Passaic,508856
New Jersey,Salem,64715
New Jersey,Somerset,332568
New Jersey,Sussex,144909
New Jersey,Union,552939
New Jersey,Warren,106917
New Mexico,Bernalillo,675551
New Mexico,Catron,3556
New Mexico,Chaves,65878
New Mexico,Cibola,27349
New Mexico,Colfax,12680
New Mexico,Curry,50969
New Mexico,De Baca,1825
New Mexico,Dona Ana,213676
New Mexico,Eddy,56395
New Mexico,Grant,29096
New Mexico,Guadalupe,4468
New Mexico,Harding,683
New Mexico,Hidalgo,4560
New Mexico,Lea,69999
New Mexico,Lincoln,19706
New Mexico,Los Alamos,17682
New Mexico,Luna,24673
New Mexico,McKinley,74098
New Mexico,Mora,4592
New Mexico,Otero,65082
New Mexico,Quay,8501
New Mexico,Rio Arriba,39777
New Mexico,Roosevelt,19536
New Mexico,Sandoval,137608
New Mexico,San Juan,123785
New Mexico,San Miguel,28239
New Mexico,Santa Fe,148164
New Mexico,Sierra,11325
New Mexico,Socorro,17310
New Mexico,Taos,33084
New Mexico,Torrance,15611
New Mexico,Union,4297
New Mexico,Valencia,75817
New York,Albany,308171
New York,Allegany,47736
New York,Bronx,1438159
New York,Broome,197349
New York,Cattaraugus,78600
New York,Cayuga,78823
New York,Chautauqua,132053
New York,Chemung,87770
New York,Chenango,49426
New York,Clinton,81632
New York,Columbia,62122
New York,Cortland,49024
New York,Delaware,46581
New York,Dutchess,296579
New York,Erie,922835
New York,Essex,38679
New York,Franklin,51262
New York,Fulton,54105
New York,Genesee,59162
New York,Greene,47967
New York,Hamilton,4715
New York,Herkimer,63744
New York,Jefferson,119103
New York,Kings,2621793
New York,Lewis,27220
New York,Livingston,64586
New York,Madison,72369
New York,Monroe,749857
New York,Montgomery,49779
New York,Nassau,1358627
New York,New York,1636268
New York,Niagara,213525
New York,Oneida,232871
New York,Onondaga,468196
New York,Ontario,109707
New York,Orange,376099
New York,Orleans,41984
New York,Oswego,120913
New York,Otsego,61128
New York,Putnam,99487
New York,Queens,2321580
New York,Rensselaer,159774
New York,Richmond,473279
New York,Rockland,323866
New York,St. Lawrence,111400
New York,Saratoga,224921
New York,Schenectady,155735
New York,Schoharie,31566
New York,Schuyler,18479
New York,Seneca,34884
New York,Steuben,98394
New York,Suffolk,1502968
New York,Sullivan,75943
New York,Tioga,49870
New York,Tompkins,104691
New York,Ulster,180445
New York,Warren,64973
New York,Washington,62372
New York,Wayne,92051
New York,Westchester,972634
New York,Wyoming,41188
New York,Yates,25208
North Carolina,Alamance,155792
North Carolina,Alexander,37392
North Carolina,Alleghany,10879
North Carolina,Anson,25765
North Carolina,Ashe,27126
North Carolina,Avery,17773
North Carolina,Beaufort,47585
North Carolina,Bertie,20106
North Carolina,Bladen,34657
North Carolina,Brunswick,118836
North Carolina,Buncombe,250539
North Carolina,Burke,89486
North Carolina,Cabarrus,192103
North Carolina,Caldwell,81484
North Carolina,Camden,10331
North Carolina,Carteret,68811
North Carolina,Caswell,23082
North Carolina,Catawba,154534
North Carolina,Chatham,68698
North Carolina,Cherokee,27141
North Carolina,Chowan,14572
North Carolina,Clay,10581
North Carolina,Cleveland,97076
North Carolina,Columbus,56953
North Carolina,Craven,104510
North Carolina,Cumberland,326328
North Carolina,Currituck,24976
North Carolina,Dare,35104
North Carolina,Davidson,164072
North Carolina,Davie,41434
North Carolina,Duplin,59882
North Carolina,Durham,294460
North Carolina,Edgecombe,54933
North Carolina,Forsyth,365298
North Carolina,Franklin,62860
North Carolina,Gaston,211127
North Carolina,Gates,11567
North Carolina,Graham,8644
North Carolina,Granville,58500
North Carolina,Greene,21093
North Carolina,Guilford,512119
North Carolina,Halifax,52970
North Carolina,Harnett,126666
North Carolina,Haywood,59471
North Carolina,Henderson,111149
North Carolina,Hertford,24308
North Carolina,Hoke,51611
North Carolina,Hyde,5676
North Carolina,Iredell,166675
North Carolina,Jackson,40981
North Carolina,Johnston,181423
North Carolina,Jones,10076
North Carolina,Lee,59662
North Carolina,Lenoir,58485
North Carolina,Lincoln,79829
North Carolina,McDowell,44965
North Carolina,Macon,33875
North Carolina,Madison,21157
North Carolina,Martin,23454
North Carolina,Mecklenburg,1012539
North Carolina,Mitchell,15311
North Carolina,Montgomery,27395
North Carolina,Moore,93077
North Carolina,Nash,94357
North Carolina,New Hanover,216298
North Carolina,Northampton,20463
North Carolina,Onslow,187589
North Carolina,Orange,140420
North Carolina,Pamlico,12948
North Carolina,Pasquotank,39787
North Carolina,Pender,56250
North Carolina,Perquimans,13466
North Carolina,Person,39132
North Carolina,Pitt,175354
North Carolina,Polk,20357
North Carolina,Randolph,142778
North Carolina,Richmond,45733
North Carolina,Robeson,134760
North Carolina,Rockingham,91696
North Carolina,Rowan,138630
North Carolina,Rutherford,66600
North Carolina,Sampson,64050
North Carolina,Scotland,35576
North Carolina,Stanly,60600
North Carolina,Stokes,46419
North Carolina,Surry,72968
North Carolina,Swain,14274
North Carolina,Transylvania,33045
North Carolina,Tyrrell,4115
North Carolina,Union,218568
North Carolina,Vance,44614
North Carolina,Wake,998691
North Carolina,Warren,20231
North Carolina,Washington,12570
North Carolina,Watauga,52560
North Carolina,Wayne,124456
North Carolina,Wilkes,68838
North Carolina,Wilson,81401
North Carolina,Yadkin,37792
North Carolina,Yancey,17614
North Dakota,Adams,2384
North Dakota,Barnes,11144
North Dakota,Benson,6833
North Dakota,Billings,901
North Dakota,Bottineau,6650
North Dakota,Bowman,3247
North Dakota,Burke,2245
North Dakota,Burleigh,90503
North Dakota,Cass,167005
North Dakota,Cavalier,3855
North Dakota,Dickey,5150
North Dakota,Divide,2432
North Dakota,Dunn,4399
North Dakota,Eddy,2377
North Dakota,Emmons,3422
North Dakota,Foster,3362
North Dakota,Golden Valley,1825
North Dakota,Grand Forks,70138
North Dakota,Grant,2361
North Dakota,Griggs,2319
North Dakota,Hettinger,2660
North Dakota,Kidder,2424
North Dakota,LaMoure,4149
North Dakota,Logan,1944
North Dakota,McHenry,5988
North Dakota,McIntosh,2801
North Dakota,McKenzie,10996
North Dakota,McLean,9578
North Dakota,Mercer,8746
North Dakota,Morton,29822
North Dakota,Mountrail,9782
North Dakota,Nelson,3045
North Dakota,Oliver,1850
North Dakota,Pembina,7128
North Dakota,Pierce,4404
North Dakota,Ramsey,11564
North Dakota,Ransom,5446
North Dakota,Renville,2587
North Dakota,Richland,16432
North Dakota,Rolette,14616
North Dakota,Sargent,3931
North Dakota,Sheridan,1326
North Dakota,Sioux,4422
North Dakota,Slope,765
North Dakota,Stark,30372
North Dakota,Steele,1955
North Dakota,Stutsman,21129
North Dakota,Towner,2310
North Dakota,Traill,8082
North Dakota,Walsh,10970
North Dakota,Ward,69384
North Dakota,Wells,4192
North Dakota,Williams,32130
Ohio,Adams,28129
Ohio,Allen,105040
Ohio,Ashland,53035
Ohio,Ashtabula,99175
Ohio,Athens,64713
Ohio,Auglaize,45841
Ohio,Belmont,69461
Ohio,Brown,44116
Ohio,Butler,374158
Ohio,Carroll,28187
Ohio,Champaign,39128
Ohio,Clark,136554
Ohio,Clermont,201560
Ohio,Clinton,41835
Ohio,Columbiana,105686
Ohio,Coshocton,36516
Ohio,Crawford,42480
Ohio,Cuyahoga,1259828
Ohio,Darke,52196
Ohio,Defiance,38510
Ohio,Delaware,189113
Ohio,Erie,75828
Ohio,Fairfield,150381
Ohio,Fayette,28800
Ohio,Franklin,1231393
Ohio,Fulton,42580
Ohio,Gallia,30397
Ohio,Geauga,94295
Ohio,Greene,163820
Ohio,Guernsey,39590
Ohio,Hamilton,806631
Ohio,Hancock,75337
Ohio,Hardin,31796
Ohio,Harrison,15543
Ohio,Henry,27937
Ohio,Highland,43045
Ohio,Hocking,28725
Ohio,Holmes,43898
Ohio,Huron,58714
Ohio,Jackson,32748
Ohio,Jefferson,67694
Ohio,Knox,61167
Ohio,Lake,229230
Ohio,Lawrence,61623
Ohio,Licking,169390
Ohio,Logan,45507
Ohio,Lorain,304216
Ohio,Lucas,435286
Ohio,Madison,43918
Ohio,Mahoning,233204
Ohio,Marion,65720
Ohio,Medina,176029
Ohio,Meigs,23331
Ohio,Mercer,40831
Ohio,Miami,103900
Ohio,Monroe,14465
Ohio,Montgomery,533116
Ohio,Morgan,14843
Ohio,Morrow,35152
Ohio,Muskingum,85818
Ohio,Noble,14363
Ohio,Ottawa,41154
Ohio,Paulding,18989
Ohio,Perry,35812
Ohio,Pickaway,56876
Ohio,Pike,28256
Ohio,Portage,161882
Ohio,Preble,41586
Ohio,Putnam,34171
Ohio,Richland,121942
Ohio,Ross,77159
Ohio,Sandusky,60179
Ohio,Scioto,77258
Ohio,Seneca,55669
Ohio,Shelby,48951
Ohio,Stark,375736
Ohio,Summit,541943
Ohio,Trumbull,205175
Ohio,Tuscarawas,92788
Ohio,Union,53776
Ohio,Van Wert,28462
Ohio,Vinton,13234
Ohio,Warren,221659
Ohio,Washington,61213
Ohio,Wayne,115537
Ohio,Williams,37291
Ohio,Wood,129590
Ohio,Wyandot,22353
Oklahoma,Adair,22186
Oklahoma,Alfalfa,5790
Oklahoma,Atoka,13796
Oklahoma,Beaver,5486
Oklahoma,Beckham,23691
Oklahoma,Blaine,9917
Oklahoma,Bryan,44486
Oklahoma,Caddo,29317
Oklahoma,Canadian,129582
Oklahoma,Carter,48821
Oklahoma,Cherokee,48341
Oklahoma,Choctaw,15161
Oklahoma,Cimarron,2294
Oklahoma,Cleveland,269908
Oklahoma,Coal,5807
Oklahoma,Comanche,125033
Oklahoma,Cotton,6150
Oklahoma,Craig,14582
Oklahoma,Creek,70632
Oklahoma,Custer,29500
Oklahoma,Delaware,41446
Oklahoma,Dewey,4914
Oklahoma,Ellis,4150
Oklahoma,Garfield,63091
Oklahoma,Garvin,27561
Oklahoma,Grady,53854
Oklahoma,Grant,4501
Oklahoma,Greer,6151
Oklahoma,Harmon,2798
Oklahoma,Harper,3812
Oklahoma,Haskell,12896
Oklahoma,Hughes,13806
Oklahoma,Jackson,25998
Oklahoma,Jefferson,6292
Oklahoma,Johnston,11103
Oklahoma,Kay,45478
Oklahoma,Kingfisher,15532
Oklahoma,Kiowa,9336
Oklahoma,Latimer,10693
Oklahoma,Le Flore,49761
Oklahoma,Lincoln,34619
Oklahoma,Logan,45276
Oklahoma,Love,9773
Oklahoma,McClain,37313
Oklahoma,McCurtain,33050
Oklahoma,McIntosh,20088
Oklahoma,Major,7750
Oklahoma,Marshall,16182
Oklahoma,Mayes,40816
Oklahoma,Murray,13803
Oklahoma,Muskogee,69966
Oklahoma,Noble,11494
Oklahoma,Nowata,10524
Oklahoma,Okfuskee,12186
Oklahoma,Oklahoma,766215
Oklahoma,Okmulgee,39095
Oklahoma,Osage,47981
Oklahoma,Ottawa,32105
Oklahoma,Pawnee,16401
Oklahoma,Payne,80264
Oklahoma,Pittsburg,44626
Oklahoma,Pontotoc,38005
Oklahoma,Pottawatomie,71811
Oklahoma,Pushmataha,11125
Oklahoma,Roger Mills,3761
Oklahoma,Rogers,89815
Oklahoma,Seminole,25421
Oklahoma,Sequoyah,41358
Oklahoma,Stephens,44493
Oklahoma,Texas,21853
Oklahoma,Tillman,7628
Oklahoma,Tulsa,629598
Oklahoma,Wagoner,75702
Oklahoma,Washington,51937
Oklahoma,Washita,11547
Oklahoma,Woods,9288
Oklahoma,Woodward,21529
Oregon,Baker,16059
Oregon,Benton,86316
Oregon,Clackamas,394972
Oregon,Clatsop,37474
Oregon,Columbia,49459
Oregon,Coos,62475
Oregon,Crook,20998
Oregon,Curry,22335
Oregon,Deschutes,170388
Oregon,Douglas,106972
Oregon,Gilliam,1932
Oregon,Grant,7180
Oregon,Harney,7126
Oregon,Hood River,22885
Oregon,Jackson,210287
Oregon,Jefferson,22192
Oregon,Josephine,83599
Oregon,Klamath,65455
Oregon,Lake,7838
Oregon,Lane,358337
Oregon,Lincoln,46406
Oregon,Linn,119356
Oregon,Malheur,30359
Oregon,Marion,326110
Oregon,Morrow,11187
Oregon,Multnomah,776712
Oregon,Polk,77916
Oregon,Sherman,1710
Oregon,Tillamook,25342
Oregon,Umatilla,76705
Oregon,Union,25691
Oregon,Wallowa,6820
Oregon,Wasco,25515
Oregon,Washington,562998
Oregon,Wheeler,1375
Oregon,Yamhill,101758
Pennsylvania,Adams,101714
Pennsylvania,Allegheny,1231255
Pennsylvania,Armstrong,67785
Pennsylvania,Beaver,169392
Pennsylvania,Bedford,48946
Pennsylvania,Berks,413691
Pennsylvania,Blair,125955
Pennsylvania,Bradford,61784
Pennsylvania,Bucks,626685
Pennsylvania,Butler,185943
Pennsylvania,Cambria,137732
Pennsylvania,Cameron,4805
Pennsylvania,Carbon,64441
Pennsylvania,Centre,158742
Pennsylvania,Chester,512784
Pennsylvania,Clarion,38821
Pennsylvania,Clearfield,81191
Pennsylvania,Clinton,39745
Pennsylvania,Columbia,67122
Pennsylvania,Crawford,87175
Pennsylvania,Cumberland,243762
Pennsylvania,Dauphin,271453
Pennsylvania,Delaware,562960
Pennsylvania,Elk,31194
Pennsylvania,Erie,278443
Pennsylvania,Fayette,134086
Pennsylvania,Forest,7518
Pennsylvania,Franklin,152892
Pennsylvania,Fulton,14632
Pennsylvania,Greene,37843
Pennsylvania,Huntingdon,45750
Pennsylvania,Indiana,87706
Pennsylvania,Jefferson,44638
Pennsylvania,Juniata,24796
Pennsylvania,Lackawanna,212719
Pennsylvania,Lancaster,533320
Pennsylvania,Lawrence,88771
Pennsylvania,Lebanon,136359
Pennsylvania,Lehigh,357823
Pennsylvania,Luzerne,318829
Pennsylvania,Lycoming,116508
Pennsylvania,McKean,42554
Pennsylvania,Mercer,114884
Pennsylvania,Mifflin,46552
Pennsylvania,Monroe,166314
Pennsylvania,Montgomery,816857
Pennsylvania,Montour,18641
Pennsylvania,Northampton,300654
Pennsylvania,Northumberland,93944
Pennsylvania,Perry,45634
Pennsylvania,Philadelphia,1560297
Pennsylvania,Pike,56191
Pennsylvania,Potter,17206
Pennsylvania,Schuylkill,145797
Pennsylvania,Snyder,40323
Pennsylvania,Somerset,76218
Pennsylvania,Sullivan,6339
Pennsylvania,Susquehanna,41920
Pennsylvania,Tioga,42274
Pennsylvania,Union,44874
Pennsylvania,Venango,53529
Pennsylvania,Warren,40703
Pennsylvania,Washington,208187
Pennsylvania,Wayne,51401
Pennsylvania,Westmoreland,359320
Pennsylvania,Wyoming,28131
Pennsylvania,York,440755
Rhode Island,Bristol,49060
Rhode Island,Kent,165128
Rhode Island,Newport,82358
Rhode Island,Providence,631974
Rhode Island,Washington,126653
South Carolina,Abbeville,24965
South Carolina,Aiken,164753
South Carolina,Allendale,9695
South Carolina,Anderson,192810
South Carolina,Bamberg,15182
South Carolina,Barnwell,21959
South Carolina,Beaufort,175852
South Carolina,Berkeley,198205
South Carolina,Calhoun,14878
South Carolina,Charleston,381015
South Carolina,Cherokee,56024
South Carolina,Chester,32337
South Carolina,Chesterfield,46125
South Carolina,Clarendon,34113
South Carolina,Colleton,37771
South Carolina,Darlington,67799
South Carolina,Dillon,31127
South Carolina,Dorchester,148469
South Carolina,Edgefield,26553
South Carolina,Fairfield,22976
South Carolina,Florence,139231
South Carolina,Georgetown,60773
South Carolina,Greenville,482752
South Carolina,Greenwood,69520
South Carolina,Hampton,20405
South Carolina,Horry,298832
South Carolina,Jasper,27170
South Carolina,Kershaw,63161
South Carolina,Lancaster,83160
South Carolina,Laurens,66533
South Carolina,Lee,18343
South Carolina,Lexington,277888
South Carolina,McCormick,9846
South Carolina,Marion,31933
South Carolina,Marlboro,27924
South Carolina,Newberry,37783
South Carolina,Oconee,75192
South Carolina,Orangeburg,90090
South Carolina,Pickens,120368
South Carolina,Richland,401566
South Carolina,Saluda,20026
South Carolina,Spartanburg,293542
South Carolina,Sumter,107919
South Carolina,Union,27876
South Carolina,Williamsburg,32695
South Carolina,York,245346
South Dakota,Aurora,2745
South Dakota,Beadle,18169
South Dakota,Bennett,3430
South Dakota,Bon Homme,7023
South Dakota,Brookings,33314
South Dakota,Brown,38408
South Dakota,Brule,5309
South Dakota,Buffalo,2077
South Dakota,Butte,10298
South Dakota,Campbell,1386
South Dakota,Charles Mix,9287
South Dakota,Clark,3645
South Dakota,Clay,13932
South Dakota,Codington,27938
South Dakota,Corson,4182
South Dakota,Custer,8445
South Dakota,Davison,19885
South Dakota,Day,5588
South Dakota,Deuel,4312
South Dakota,Dewey,5662
South Dakota,Douglas,2973
South Dakota,Edmunds,3983
South Dakota,Fall River,6845
South Dakota,Faulk,2357
South Dakota,Grant,7241
South Dakota,Gregory,4217
South Dakota,Haakon,1847
South Dakota,Hamlin,5989
South Dakota,Hand,3345
South Dakota,Hanson,3419
South Dakota,Harding,1250
South Dakota,Hughes,17642
South Dakota,Hutchinson,7200
South Dakota,Hyde,1396
South Dakota,Jackson,3274
South Dakota,Jerauld,2007
South Dakota,Jones,975
South Dakota,Kingsbury,5075
South Dakota,Lake,12368
South Dakota,Lawrence,24657
South Dakota,Lincoln,51548
South Dakota,Lyman,3877
South Dakota,McCook,5649
South Dakota,McPherson,2429
South Dakota,Marshall,4683
South Dakota,Meade,26951
South Dakota,Mellette,2100
South Dakota,Miner,2316
South Dakota,Minnehaha,182882
South Dakota,Moody,6367
South Dakota,Pennington,108242
South Dakota,Perkins,3033
South Dakota,Potter,2340
South Dakota,Roberts,10374
South Dakota,Sanborn,2336
South Dakota,Oglala Lakota,14218
South Dakota,Spink,6598
South Dakota,Stanley,2983
South Dakota,Sully,1438
South Dakota,Todd,9882
South Dakota,Tripp,5512
South Dakota,Turner,8272
South Dakota,Union,15029
South Dakota,Walworth,5511
South Dakota,Yankton,22684
South Dakota,Ziebach,2826
Tennessee,Anderson,75528
Tennessee,Bedford,46627
Tennessee,Benton,16145
Tennessee,Bledsoe,13931
Tennessee,Blount,126339
Tennessee,Bradley,102975
Tennessee,Campbell,39918
Tennessee,Cannon,13757
Tennessee,Carroll,28370
Tennessee,Carter,56886
Tennessee,Cheatham,39764
Tennessee,Chester,17379
Tennessee,Claiborne,31592
Tennessee,Clay,7765
Tennessee,Cocke,35374
Tennessee,Coffee,53623
Tennessee,Crockett,14668
Tennessee,Cumberland,57985
Tennessee,Davidson,668347
Tennessee,Decatur,11666
Tennessee,DeKalb,19268
Tennessee,Dickson,50575
Tennessee,Dyer,37935
Tennessee,Fayette,39011
Tennessee,Fentress,17855
Tennessee,Franklin,41402
Tennessee,Gibson,49472
Tennessee,Giles,28853
Tennessee,Grainger,22864
Tennessee,Greene,68335
Tennessee,Grundy,13425
Tennessee,Hamblen,63036
Tennessee,Hamilton,351220
Tennessee,Hancock,6657
Tennessee,Hardeman,25965
Tennessee,Hardin,25870
Tennessee,Hawkins,56735
Tennessee,Haywood,18185
Tennessee,Henderson,28009
Tennessee,Henry,32204
Tennessee,Hickman,24384
Tennessee,Houston,8267
Tennessee,Humphreys,18135
Tennessee,Jackson,11568
Tennessee,Jefferson,52677
Tennessee,Johnson,17859
Tennessee,Knox,448644
Tennessee,Lake,7631
Tennessee,Lauderdale,27382
Tennessee,Lawrence,42274
Tennessee,Lewis,11906
Tennessee,Lincoln,33637
Tennessee,Loudon,50771
Tennessee,McMinn,52626
Tennessee,McNairy,26267
Tennessee,Macon,23003
Tennessee,Madison,98178
Tennessee,Marion,28407
Tennessee,Marshall,31269
Tennessee,Maury,85515
Tennessee,Meigs,11701
Tennessee,Monroe,45233
Tennessee,Montgomery,189961
Tennessee,Moore,6319
Tennessee,Morgan,21660
Tennessee,Obion,30941
Tennessee,Overton,22028
Tennessee,Perry,7822
Tennessee,Pickett,5124
Tennessee,Polk,16730
Tennessee,Putnam,74165
Tennessee,Rhea,32641
Tennessee,Roane,52748
Tennessee,Robertson,68079
Tennessee,Rutherford,288906
Tennessee,Scott,21987
Tennessee,Sequatchie,14704
Tennessee,Sevier,95110
Tennessee,Shelby,938803
Tennessee,Smith,19009
Tennessee,Stewart,13279
Tennessee,Sullivan,157047
Tennessee,Sumner,172706
Tennessee,Tipton,61623
Tennessee,Trousdale,8002
Tennessee,Unicoi,17963
Tennessee,Union,19113
Tennessee,Van Buren,5633
Tennessee,Warren,39969
Tennessee,Washington,126242
Tennessee,Wayne,16913
Tennessee,Weakley,34373
Tennessee,White,26301
Tennessee,Williamson,205226
Tennessee,Wilson,125376
Texas,Anderson,57627
Texas,Andrews,17477
Texas,Angelina,87750
Texas,Aransas,24972
Texas,Archer,8811
Texas,Armstrong,1955
Texas,Atascosa,47774
Texas,Austin,29114
Texas,Bailey,6910
Texas,Bandera,20892
Texas,Bastrop,78069
Texas,Baylor,3592
Texas,Bee,32863
Texas,Bell,329140
Texas,Bexar,1855866
Texas,Blanco,10812
Texas,Borden,652
Texas,Bosque,17780
Texas,Bowie,93275
Texas,Brazoria,338124
Texas,Brazos,209152
Texas,Brewster,9173
Texas,Briscoe,1536
Texas,Brooks,7194
Texas,Brown,37653
Texas,Burleson,17253
Texas,Burnet,44943
Texas,Caldwell,39810
Texas,Calhoun,21797
Texas,Callahan,13513
Texas,Cameron,420392
Texas,Camp,12621
Texas,Carson,6013
Texas,Cass,30261
Texas,Castro,7781
Texas,Chambers,38145
Texas,Cherokee,50902
Texas,Childress,7089
Texas,Clay,10370
Texas,Cochran,2935
Texas,Coke,3254
Texas,Coleman,8430
Texas,Collin,885241
Texas,Collingsworth,3017
Texas,Colorado,20719
Texas,Comal,123694
Texas,Comanche,13550
Texas,Concho,4050
Texas,Cooke,38761
Texas,Coryell,75562
Texas,Cottle,1415
Texas,Crane,4950
Texas,Crockett,3812
Texas,Crosby,5899
Texas,Culberson,2266
Texas,Dallam,7135
Texas,Dallas,2518638
Texas,Dawson,13372
Texas,Deaf Smith,19195
Texas,Delta,5238
Texas,Denton,753363
Texas,DeWitt,20684
Texas,Dickens,2218
Texas,Dimmit,11089
Texas,Donley,3543
Texas,Duval,11533
Texas,Eastland,18176
Texas,Ector,153904
Texas,Edwards,1879
Texas,Ellis,159317
Texas,El Paso,833487
Texas,Erath,40147
Texas,Falls,16989
Texas,Fannin,33752
Texas,Fayette,24833
Texas,Fisher,3831
Texas,Floyd,5949
Texas,Foard,1275
Texas,Fort Bend,685345
Texas,Franklin,10600
Texas,Freestone,19762
Texas,Frio,18531
Texas,Gaines,19425
Texas,Galveston,314198
Texas,Garza,6435
Texas,Gillespie,25520
Texas,Glasscock,1291
Texas,Goliad,7549
Texas,Gonzales,20462
Texas,Gray,23044
Texas,Grayson,123534
Texas,Gregg,123204
Texas,Grimes,27172
Texas,Guadalupe,147250
Texas,Hale,34720
Texas,Hall,3147
Texas,Hamilton,8199
Texas,Hansford,5509
Texas,Hardeman,3928
Texas,Hardin,55621
Texas,Harris,4441370
Texas,Harrison,67336
Texas,Hartley,6089
Texas,Haskell,5769
Texas,Hays,185025
Texas,Hemphill,4180
Texas,Henderson,79290
Texas,Hidalgo,831073
Texas,Hill,34848
Texas,Hockley,23577
Texas,Hood,53921
Texas,Hopkins,35921
Texas,Houston,22741
Texas,Howard,36651
Texas,Hudspeth,3211
Texas,Hunt,88493
Texas,Hutchinson,21773
Texas,Irion,1574
Texas,Jack,8855
Texas,Jackson,14739
Texas,Jasper,35552
Texas,Jeff Davis,2204
Texas,Jefferson,252235
Texas,Jim Hogg,5255
Texas,Jim Wells,41353
Texas,Johnson,157456
Texas,Jones,19936
Texas,Karnes,14906
Texas,Kaufman,111236
Texas,Kendall,38880
Texas,Kenedy,400
Texas,Kent,785
Texas,Kerr,50562
Texas,Kimble,4438
Texas,King,262
Texas,Kinney,3526
Texas,Kleberg,32190
Texas,Knox,3858
Texas,Lamar,49523
Texas,Lamb,13574
Texas,Lampasas,20156
Texas,La Salle,7474
Texas,Lavaca,19721
Texas,Lee,16742
Texas,Leon,16861
Texas,Liberty,78117
Texas,Limestone,23524
Texas,Lipscomb,3553
Texas,Live Oak,12091
Texas,Llano,19510
Texas,Loving,86
Texas,Lubbock,293974
Texas,Lynn,5771
Texas,McCulloch,8199
Texas,McLennan,243441
Texas,McMullen,805
Texas,Madison,13861
Texas,Marion,10149
Texas,Martin,5460
Texas,Mason,4071
Texas,Matagorda,36519
Texas,Maverick,57023
Texas,Medina,47894
Texas,Menard,2147
Texas,Midland,155830
Texas,Milam,24256
Texas,Mills,4870
Texas,Mitchell,9076
Texas,Montague,19416
Texas,Montgomery,518947
Texas,Moore,22148
Texas,Morris,12743
Texas,Motley,1153
Texas,Nacogdoches,65301
Texas,Navarro,48195
Texas,Newton,14138
Texas,Nolan,15093
Texas,Nueces,356221
Texas,Ochiltree,10758
Texas,Oldham,2070
Texas,Orange,83433
Texas,Palo Pinto,28096
Texas,Panola,23769
Texas,Parker,123164
Texas,Parmer,9908
Texas,Pecos,15893
Texas,Polk,46079
Texas,Potter,121627
Texas,Presidio,6976
Texas,Rains,11032
Texas,Randall,128220
Texas,Reagan,3755
Texas,Real,3371
Texas,Red River,12446
Texas,Reeves,14349
Texas,Refugio,7302
Texas,Roberts,928
Texas,Robertson,16500
Texas,Rockwall,87809
Texas,Runnels,10416
Texas,Rusk,53923
Texas,Sabine,10350
Texas,San Augustine,8610
Texas,San Jacinto,27099
Texas,San Patricio,66915
Texas,San Saba,5622
Texas,Schleicher,3162
Texas,Scurry,17328
Texas,Shackelford,3343
Texas,Shelby,25515
Texas,Sherman,3084
Texas,Smith,218842
Texas,Somervell,8694
Texas,Starr,62955
Texas,Stephens,9405
Texas,Sterling,1339
Texas,Stonewall,1403
Texas,Sutton,3972
Texas,Swisher,7581
Texas,Tarrant,1945360
Texas,Taylor,135143
Texas,Terrell,927
Texas,Terry,12739
Texas,Throckmorton,1608
Texas,Titus,32506
Texas,Tom Green,116608
Texas,Travis,1151145
Texas,Trinity,14224
Texas,Tyler,21418
Texas,Upshur,40354
Texas,Upton,3454
Texas,Uvalde,27117
Texas,Val Verde,48974
Texas,Van Zandt,52910
Texas,Victoria,91081
Texas,Walker,69789
Texas,Waller,46820
Texas,Ward,11625
Texas,Washington,34438
Texas,Webb,266673
Texas,Wharton,41168
Texas,Wheeler,5714
Texas,Wichita,132355
Texas,Wilbarger,12973
Texas,Willacy,21903
Texas,Williamson,489250
Texas,Wilson,46402
Texas,Winkler,7821
Texas,Wise,61638
Texas,Wood,42852
Texas,Yoakum,8286
Texas,Young,18350
Texas,Zapata,14319
Texas,Zavala,12267
Utah,Beaver,6461
Utah,Box Elder,51518
Utah,Cache,118343
Utah,Carbon,20660
Utah,Daggett,1117
Utah,Davis,329692
Utah,Duchesne,20380
Utah,Emery,10631
Utah,Garfield,5024
Utah,Grand,9429
Utah,Iron,47269
Utah,Juab,10486
Utah,Kane,7254
Utah,Millard,12606
Utah,Morgan,10608
Utah,Piute,1484
Utah,Rich,2293
Utah,Salt Lake,1091742
Utah,San Juan,15251
Utah,Sanpete,28477
Utah,Sevier,20773
Utah,Summit,39105
Utah,Tooele,61598
Utah,Uintah,36867
Utah,Utah,560974
Utah,Wasatch,27714
Utah,Washington,151948
Utah,Wayne,2723
Utah,Weber,240475
Vermont,Addison,37009
Vermont,Bennington,36445
Vermont,Caledonia,30981
Vermont,Chittenden,160531
Vermont,Essex,6125
Vermont,Franklin,48642
Vermont,Grand Isle,6994
Vermont,Lamoille,25082
Vermont,Orange,28859
Vermont,Orleans,27082
Vermont,Rutland,60086
Vermont,Washington,58998
Vermont,Windham,43714
Vermont,Windsor,56014
Virginia,Accomack,33021
Virginia,Albemarle,104489
Virginia,Alleghany,15820
Virginia,Amelia,12855
Virginia,Amherst,32041
Virginia,Appomattox,15279
Virginia,Arlington,226908
Virginia,Augusta,73862
Virginia,Bath,4563
Virginia,Bedford,76583
Virginia,Bland,6625
Virginia,Botetourt,33100
Virginia,Brunswick,16498
Virginia,Buchanan,23106
Virginia,Buckingham,16913
Virginia,Campbell,54885
Virginia,Caroline,29778
Virginia,Carroll,29621
Virginia,Charles City,7023
Virginia,Charlotte,12225
Virginia,Chesterfield,332499
Virginia,Clarke,14423
Virginia,Craig,5234
Virginia,Culpeper,49166
Virginia,Cumberland,9827
Virginia,Dickenson,15308
Virginia,Dinwiddie,27859
Virginia,Essex,11103
Virginia,Fairfax,1137538
Virginia,Fauquier,68248
Virginia,Floyd,15578
Virginia,Fluvanna,26092
Virginia,Franklin,56358
Virginia,Frederick,82377
Virginia,Giles,16815
Virginia,Gloucester,37141
Virginia,Goochland,21936
Virginia,Grayson,15093
Virginia,Greene,19031
Virginia,Greensville,11681
Virginia,Halifax,35200
Virginia,Hanover,101918
Virginia,Henrico,321924
Virginia,Henry,52081
Virginia,Highland,2248
Virginia,Isle of Wight,36007
Virginia,James City,72583
Virginia,King and Queen,7175
Virginia,King George,25371
Virginia,King William,16186
Virginia,Lancaster,11044
Virginia,Lee,24951
Virginia,Loudoun,363050
Virginia,Louisa,34348
Virginia,Lunenburg,12466
Virginia,Madison,13157
Virginia,Mathews,8836
Virginia,Mecklenburg,31192
Virginia,Middlesex,10696
Virginia,Montgomery,97244
Virginia,Nelson,14850
Virginia,New Kent,20021
Virginia,Northampton,12121
Virginia,Northumberland,12251
Virginia,Nottoway,15579
Virginia,Orange,35026
Virginia,Page,23848
Virginia,Patrick,18264
Virginia,Pittsylvania,62383
Virginia,Powhatan,28449
Virginia,Prince Edward,23074
Virginia,Prince George,37333
Virginia,Prince William,446094
Virginia,Pulaski,34322
Virginia,Rappahannock,7361
Virginia,Richmond,8902
Virginia,Roanoke,93785
Virginia,Rockbridge,22327
Virginia,Rockingham,78171
Virginia,Russell,28023
Virginia,Scott,22384
Virginia,Shenandoah,43021
Virginia,Smyth,31555
Virginia,Southampton,18059
Virginia,Spotsylvania,129188
Virginia,Stafford,139992
Virginia,Surry,6790
Virginia,Sussex,11767
Virginia,Tazewell,43452
Virginia,Warren,38987
Virginia,Washington,54729
Virginia,Westmoreland,17477
Virginia,Wise,39935
Virginia,Wythe,29121
Virginia,York,66342
Virginia,Alexandria City,150575
Virginia,Bedford City,
Virginia,Bristol City,17184
Virginia,Buena Vista City,6603
Virginia,Charlottesville City,45593
Virginia,Chesapeake City,233371
Virginia,Colonial Heights City,17731
Virginia,Covington City,5802
Virginia,Danville City,42444
Virginia,Emporia City,5462
Virginia,Fairfax City,24483
Virginia,Falls Church City,13601
Virginia,Franklin City,8526
Virginia,Fredericksburg City,28350
Virginia,Galax City,7014
Virginia,Hampton City,136879
Virginia,Harrisonburg City,52478
Virginia,Hopewell City,22196
Virginia,Lexington City,7311
Virginia,Lynchburg City,79047
Virginia,Manassas City,42081
Virginia,Manassas Park City,15174
Virginia,Martinsville City,13711
Virginia,Newport News City,182965
Virginia,Norfolk City,245428
Virginia,Norton City,4031
Virginia,Petersburg City,32701
Virginia,Poquoson City,12048
Virginia,Portsmouth City,96004
Virginia,Radford City,17646
Virginia,Richmond City,217853
Virginia,Roanoke City,99428
Virginia,Salem City,25483
Virginia,Staunton City,24538
Virginia,Suffolk City,86806
Virginia,Virginia Beach City,450980
Virginia,Waynesboro City,21366
Virginia,Williamsburg City,14691
Virginia,Winchester City,27543
Washington,Adams,19179
Washington,Asotin,22189
Washington,Benton,186486
Washington,Chelan,74588
Washington,Clallam,72715
Washington,Clark,451008
Washington,Columbia,3985
Washington,Cowlitz,102133
Washington,Douglas,39804
Washington,Ferry,7667
Washington,Franklin,87809
Washington,Garfield,2215
Washington,Grant,93147
Washington,Grays Harbor,70818
Washington,Island,79275
Washington,Jefferson,30228
Washington,King,2079967
Washington,Kitsap,254183
Washington,Kittitas,42522
Washington,Klickitat,20861
Washington,Lewis,75128
Washington,Lincoln,10250
Washington,Mason,60711
Washington,Okanogan,41290
Washington,Pacific,20561
Washington,Pend Oreille,12985
Washington,Pierce,831928
Washington,San Juan,16015
Washington,Skagit,120365
Washington,Skamania,11340
Washington,Snohomish,759583
Washington,Spokane,484318
Washington,Stevens,43650
Washington,Thurston,265851
Washington,Wahkiakum,4067
Washington,Walla Walla,59844
Washington,Whatcom,208351
Washington,Whitman,46827
Washington,Yakima,247687
West Virginia,Barbour,16766
West Virginia,Berkeley,110497
West Virginia,Boone,23714
West Virginia,Braxton,14463
West Virginia,Brooke,23530
West Virginia,Cabell,97109
West Virginia,Calhoun,7513
West Virginia,Clay,8941
West Virginia,Doddridge,8391
West Virginia,Fayette,45132
West Virginia,Gilmer,8618
West Virginia,Grant,11687
West Virginia,Greenbrier,35450
West Virginia,Hampshire,23483
West Virginia,Hancock,30112
West Virginia,Hardy,13923
West Virginia,Harrison,68761
West Virginia,Jackson,29126
West Virginia,Jefferson,55713
West Virginia,Kanawha,190223
West Virginia,Lewis,16414
West Virginia,Lincoln,21561
West Virginia,Logan,35348
West Virginia,McDowell,20448
West Virginia,Marion,56803
West Virginia,Marshall,32416
West Virginia,Mason,27016
West Virginia,Mercer,61785
West Virginia,Mineral,27578
West Virginia,Mingo,25716
West Virginia,Monongalia,103463
West Virginia,Monroe,13582
West Virginia,Morgan,17453
West Virginia,Nicholas,25827
West Virginia,Ohio,43328
West Virginia,Pendleton,7371
West Virginia,Pleasants,7634
West Virginia,Pocahontas,8662
West Virginia,Preston,33788
West Virginia,Putnam,56770
West Virginia,Raleigh,78241
West Virginia,Randolph,29429
West Virginia,Ritchie,10011
West Virginia,Roane,14664
West Virginia,Summers,13417
West Virginia,Taylor,17069
West Virginia,Tucker,6927
West Virginia,Tyler,9098
West Virginia,Upshur,24731
West Virginia,Wayne,41122
West Virginia,Webster,8834
West Virginia,Wetzel,15988
West Virginia,Wirt,5845
West Virginia,Wood,86237
West Virginia,Wyoming,22598
Wisconsin,Adams,20215
Wisconsin,Ashland,16103
Wisconsin,Barron,45455
Wisconsin,Bayfield,14985
Wisconsin,Brown,256670
Wisconsin,Buffalo,13188
Wisconsin,Burnett,15328
Wisconsin,Calumet,49491
Wisconsin,Chippewa,63460
Wisconsin,Clark,34423
Wisconsin,Columbia,56615
Wisconsin,Crawford,16392
Wisconsin,Dane,516284
Wisconsin,Dodge,88574
Wisconsin,Door,27766
Wisconsin,Douglas,43698
Wisconsin,Dunn,44305
Wisconsin,Eau Claire,101564
Wisconsin,Florence,4481
Wisconsin,Fond du Lac,101759
Wisconsin,Forest,9127
Wisconsin,Grant,51829
Wisconsin,Green,37063
Wisconsin,Green Lake,18836
Wisconsin,Iowa,23825
Wisconsin,Iron,5917
Wisconsin,Jackson,20652
Wisconsin,Jefferson,84395
Wisconsin,Juneau,26395
Wisconsin,Kenosha,168068
Wisconsin,Kewaunee,20444
Wisconsin,La Crosse,118011
Wisconsin,Lafayette,16853
Wisconsin,Langlade,19410
Wisconsin,Lincoln,28493
Wisconsin,Manitowoc,80160
Wisconsin,Marathon,135780
Wisconsin,Marinette,41298
Wisconsin,Marquette,15050
Wisconsin,Menominee,4522
Wisconsin,Milwaukee,956406
Wisconsin,Monroe,45379
Wisconsin,Oconto,37417
Wisconsin,Oneida,35563
Wisconsin,Outagamie,182006
Wisconsin,Ozaukee,87470
Wisconsin,Pepin,7335
Wisconsin,Pierce,40958
Wisconsin,Polk,43437
Wisconsin,Portage,70482
Wisconsin,Price,13675
Wisconsin,Racine,195163
Wisconsin,Richland,17662
Wisconsin,Rock,161188
Wisconsin,Rusk,14333
Wisconsin,St. Croix,86759
Wisconsin,Sauk,63379
Wisconsin,Sawyer,16437
Wisconsin,Shawano,41579
Wisconsin,Sheboygan,115290
Wisconsin,Taylor,20540
Wisconsin,Trempealeau,29509
Wisconsin,Vernon,30362
Wisconsin,Vilas,21398
Wisconsin,Walworth,103527
Wisconsin,Washburn,15694
Wisconsin,Washington,133251
Wisconsin,Waukesha,395118
Wisconsin,Waupaca,52066
Wisconsin,Waushara,24178
Wisconsin,Winnebago,169511
Wisconsin,Wood,73608
Wyoming,Albany,37811
Wyoming,Big Horn,11930
Wyoming,Campbell,48320
Wyoming,Carbon,15854
Wyoming,Converse,14097
Wyoming,Crook,7248
Wyoming,Fremont,40703
Wyoming,Goshen,13514
Wyoming,Hot Springs,4816
Wyoming,Johnson,8573
Wyoming,Laramie,96389
Wyoming,Lincoln,18567
Wyoming,Natrona,81624
Wyoming,Niobrara,2463
Wyoming,Park,28989
Wyoming,Platte,8799
Wyoming,Sheridan,30032
Wyoming,Sublette,10057
Wyoming,Sweetwater,45010
Wyoming,Teton,22930
Wyoming,Uinta,20904
Wyoming,Washakie,8322
Wyoming,Weston,7201